query_type,rest_mean,rest_std,graphql_mean,graphql_std,difference,reduction_percent,t_statistic,t_pvalue,u_statistic,u_pvalue,cohens_d,significant
GERAL,35548.125,23989.90434565456,2439.1583333333333,1245.6632602405696,33108.96666666667,93.13843322725648,-15.098126482530013,7.005575047102923e-37,3660.0,2.277229747587197e-11,-1.9491597475257305,True
filtros,55825.76666666667,1763.586328134126,3635.233333333333,415.3681942344757,52190.53333333334,93.48825184069722,-157.7728611759329,2.19805924841901e-78,0.0,1.0653181530348201e-11,-40.73677758785885,True
paginacao,34868.36666666667,21782.14410218851,2813.633333333333,223.65112661639245,32054.733333333337,91.93069936360656,-8.059893020329737,2.4305370068274112e-11,240.0,0.0009301325486024811,-2.0810554293300316,True
relacionamentos,50251.5,4170.513569218362,2893.6666666666665,250.782682861055,47357.833333333336,94.24163126142172,-62.083922448996816,4.774994839460391e-55,0.0,1.164287392541083e-11,-16.02999984747983,True
simples,1246.8666666666666,38.43465868855541,414.1,28.61438027671908,832.7666666666665,66.78875046783938,-95.19134763160777,1.044873262142053e-65,0.0,8.796001676490345e-12,-24.578300272017177,True
